運送会社,都道府県,地域
西濃,北海道,1900
佐川,北海道,北海道
西濃,青森県,1200
佐川,青森県,東北
西濃,岩手県,1100
佐川,岩手県,東北
西濃,宮城県,1100
佐川,宮城県,東北
西濃,秋田県,1100
佐川,秋田県,東北
西濃,山形県,1000
佐川,山形県,東北
西濃,福島県,900
佐川,福島県,東北
西濃,茨城県,750
佐川,茨城県,関東
西濃,栃木県,750
佐川,栃木県,関東
西濃,群馬県,650
佐川,群馬県,関東
西濃,埼玉県,700
佐川,埼玉県,関東
西濃,千葉県,700
佐川,千葉県,関東
西濃,東京都,650
佐川,東京都,関東
西濃,神奈川県,600
佐川,神奈川県,関東
西濃,新潟県,700
佐川,新潟県,信越
西濃,富山県,450
佐川,富山県,北陸
西濃,石川県,400
佐川,石川県,北陸
西濃,福井県,300
佐川,福井県,北陸
西濃,山梨県,600
佐川,山梨県,関東
西濃,長野県,550
佐川,長野県,信越
西濃,岐阜県,350
佐川,岐阜県,中部
西濃,静岡県,500
佐川,静岡県,中部
西濃,愛知県,300
佐川,愛知県,中部
西濃,三重県,250
佐川,三重県,中部
西濃,滋賀県,200
佐川,滋賀県,関西
西濃,京都府,200
佐川,京都府,関西
西濃,大阪府,100
佐川,大阪府,関西
西濃,兵庫県,100
佐川,兵庫県,関西
西濃,奈良県,100
佐川,奈良県,関西
西濃,和歌山県,150
佐川,和歌山県,関西
西濃,鳥取県,250
佐川,鳥取県,中国
西濃,島根県,500
佐川,島根県,中国
西濃,岡山県,150
佐川,岡山県,中国
西濃,広島県,350
佐川,広島県,中国
西濃,山口県,550
佐川,山口県,中国
西濃,徳島県,150
佐川,徳島県,四国
西濃,香川県,200
佐川,香川県,四国
西濃,愛媛県,450
佐川,愛媛県,四国
西濃,高知県,450
佐川,高知県,四国
西濃,福岡県,650
佐川,福岡県,九州
西濃,佐賀県,700
佐川,佐賀県,九州
西濃,長崎県,850
佐川,長崎県,九州
西濃,熊本県,800
佐川,熊本県,九州
西濃,大分県,700
佐川,大分県,九州
西濃,宮崎県,900
佐川,宮崎県,九州
西濃,鹿児島県,1000
佐川,鹿児島県,九州
西濃,沖縄県,1900
佐川,沖縄県,沖縄
